"zomato_3047","yellow_5583","0.9090909090909091"
"zomato_6557","yellow_1027","1.0"
"zomato_7092","yellow_206","0.94"
"zomato_3350","yellow_4417","1.0"
"zomato_2199","yellow_25378","1.0"
"zomato_1617","yellow_25933","0.7928571428571428"
"zomato_950","yellow_7492","0.7250000000000001"
"zomato_4027","yellow_4795","0.791304347826087"
"zomato_647","yellow_7640","1.0"
"zomato_6993","yellow_748","0.795"
"zomato_6642","yellow_2673","0.7250000000000001"
"zomato_998","yellow_6342","0.7271221532091098"
"zomato_7622","yellow_1577","0.7157894736842105"
"zomato_865","yellow_6765","1.0"
"zomato_2284","yellow_25448","0.7785714285714286"
"zomato_732","yellow_7402","1.0"
"zomato_3929","yellow_3082","0.7655172413793103"
"zomato_7319","yellow_2485","1.0"
"zomato_27","yellow_6227","0.78"
"zomato_5796","yellow_2743","1.0"
"zomato_6510","yellow_726","1.0"
"zomato_7093","yellow_677","0.7"
"zomato_6425","yellow_1154","0.95"
"zomato_1920","yellow_26370","0.875"
"zomato_1172","yellow_6921","0.7217391304347827"
"zomato_6207","yellow_2884","1.0"
"zomato_3264","yellow_3288","1.0"
"zomato_1969","yellow_25780","0.9714285714285714"
"zomato_1836","yellow_25006","1.0"
"zomato_1703","yellow_23887","0.8666666666666667"
"zomato_6643","yellow_305","1.0"
"zomato_6861","yellow_1750","0.8445652173913043"
"zomato_866","yellow_7823","0.7238095238095239"
"zomato_7405","yellow_1738","0.7714285714285715"
"zomato_2370","yellow_3191","1.0"
"zomato_4244","yellow_5213","1.0"
"zomato_951","yellow_6896","0.8400000000000001"
"zomato_600","yellow_6802","0.9769230769230769"
"zomato_999","yellow_6103","1.0"
"zomato_28","yellow_8411","1.0"
"zomato_3178","yellow_3287","1.0"
"zomato_5797","yellow_1837","0.7201923076923077"
"zomato_2813","yellow_4601","1.0"
"zomato_1832","yellow_24791","1.0"
"zomato_3263","yellow_4490","1.0"
"zomato_730","yellow_6587","1.0"
"zomato_1615","yellow_25122","0.97"
"zomato_1966","yellow_23661","0.903448275862069"
"zomato_1833","yellow_25407","0.831578947368421"
"zomato_209","yellow_6167","1.0"
"zomato_6862","yellow_1537","1.0"
"zomato_2282","yellow_25820","1.0"
"zomato_996","yellow_6391","1.0"
"zomato_512","yellow_8010","1.0"
"zomato_2197","yellow_25298","0.7433333333333334"
"zomato_3927","yellow_5895","0.904"
"zomato_645","yellow_8141","0.9076923076923077"
"zomato_778","yellow_6806","1.0"
"zomato_2064","yellow_23820","0.7"
"zomato_2814","yellow_5160","1.0"
"zomato_3044","yellow_3709","0.7130434782608696"
"zomato_1700","yellow_24306","0.8235294117647058"
"zomato_5883","yellow_2323","0.7424999999999999"
"zomato_6427","yellow_1192","1.0"
"zomato_3395","yellow_5436","1.0"
"zomato_1749","yellow_25711","1.0"
"zomato_1834","yellow_25817","1.0"
"zomato_4157","yellow_3418","1.0"
"zomato_428","yellow_7203","1.0"
"zomato_2150","yellow_25635","0.9142857142857144"
"zomato_864","yellow_6044","0.791304347826087"
"zomato_2065","yellow_25762","0.7189189189189189"
"zomato_3708","yellow_5719","0.7522267206477733"
"zomato_2283","yellow_26000","0.736"
"zomato_5884","yellow_75","1.0"
"zomato_2726","yellow_3868","0.95"
"zomato_1830","yellow_25869","1.0"
"zomato_6513","yellow_1618","1.0"
"zomato_1963","yellow_25489","1.0"
"zomato_1082","yellow_8949","0.85"
"zomato_7181","yellow_539","0.7071428571428571"
"zomato_6779","yellow_1594","0.94"
"zomato_1528","yellow_23609","1.0"
"zomato_6864","yellow_1211","0.7492307692307693"
"zomato_954","yellow_8265","1.0"
"zomato_2280","yellow_26080","1.0"
"zomato_736","yellow_7290","1.0"
"zomato_821","yellow_8864","1.0"
"zomato_4241","yellow_3459","1.0"
"zomato_3707","yellow_3585","0.8620689655172413"
"zomato_2195","yellow_24781","1.0"
"zomato_2812","yellow_3677","0.975"
"zomato_3042","yellow_3207","1.0"
"zomato_3260","yellow_4143","1.0"
"zomato_5970","yellow_634","1.0"
"zomato_6514","yellow_343","1.0"
"zomato_1083","yellow_8719","0.7285714285714285"
"zomato_2509","yellow_3206","0.7409090909090909"
"zomato_1614","yellow_26361","0.7230769230769231"
"zomato_4155","yellow_4501","1.0"
"zomato_3924","yellow_4523","0.874384236453202"
"zomato_6950","yellow_1779","1.0"
"zomato_3706","yellow_4661","0.7272727272727273"
"zomato_7409","yellow_2618","0.8430555555555556"
"zomato_3839","yellow_5330","1.0"
"zomato_4240","yellow_4500","1.0"
"zomato_2857","yellow_4901","0.8235294117647058"
"zomato_5886","yellow_110","0.9047619047619048"
"zomato_3174","yellow_5431","1.0"
"zomato_3392","yellow_5611","1.0"
"zomato_7050","yellow_1700","0.86"
"zomato_1876","yellow_23546","0.7168831168831169"
"zomato_1610","yellow_25072","1.0"
"zomato_6515","yellow_537","0.9384615384615385"
"zomato_7183","yellow_1718","0.8857142857142857"
"zomato_3041","yellow_4551","0.7"
"zomato_6648","yellow_843","0.7"
"zomato_1659","yellow_25404","1.0"
"zomato_6733","yellow_2178","0.736764705882353"
"zomato_6866","yellow_922","1.0"
"zomato_3923","yellow_3230","1.0"
"zomato_2723","yellow_3986","1.0"
"zomato_2060","yellow_25791","0.808695652173913"
"zomato_6070","yellow_1696","1.0"
"zomato_601","yellow_7288","1.0"
"zomato_734","yellow_6969","1.0"
"zomato_2725","yellow_4759","1.0"
"zomato_5887","yellow_2938","0.7657142857142858"
"zomato_1611","yellow_25258","0.9172413793103449"
"zomato_1081","yellow_8771","1.0"
"zomato_1744","yellow_24082","0.8"
"zomato_2507","yellow_3938","0.8063492063492064"
"zomato_7184","yellow_730","0.7052631578947368"
"zomato_6516","yellow_2372","1.0"
"zomato_6867","yellow_390","0.95"
"zomato_1527","yellow_25601","1.0"
"zomato_1878","yellow_24648","0.8571428571428571"
"zomato_6601","yellow_2713","1.0"
"zomato_6952","yellow_1826","0.9368421052631579"
"zomato_735","yellow_8056","0.95"
"zomato_820","yellow_7660","0.9647058823529412"
"zomato_4020","yellow_3487","1.0"
"zomato_7629","yellow_1907","0.7008403361344537"
"zomato_66","yellow_7398","1.0"
"zomato_3920","yellow_4067","1.0"
"zomato_3702","yellow_3182","0.8260869565217391"
"zomato_2504","yellow_3237","1.0"
"zomato_1741","yellow_24402","0.904"
"zomato_7052","yellow_1651","0.7118840579710145"
"zomato_772","yellow_7850","1.0"
"zomato_7185","yellow_2935","1.0"
"zomato_3836","yellow_5652","0.975"
"zomato_4067","yellow_4046","0.9142857142857144"
"zomato_3618","yellow_3688","1.0"
"zomato_2191","yellow_25496","0.8875"
"zomato_3969","yellow_5380","1.0"
"zomato_4152","yellow_3550","1.0"
"zomato_3086","yellow_5115","1.0"
"zomato_1742","yellow_25847","1.0"
"zomato_1524","yellow_24813","1.0"
"zomato_3","yellow_8917","1.0"
"zomato_1875","yellow_23675","0.9714285714285714"
"zomato_3171","yellow_3923","0.9652173913043478"
"zomato_1960","yellow_24170","1.0"
"zomato_6869","yellow_2026","0.725"
"zomato_6821","yellow_1143","1.0"
"zomato_4199","yellow_4761","0.7250000000000001"
"zomato_3835","yellow_4539","0.9111111111111111"
"zomato_6291","yellow_349","0.98"
"zomato_4151","yellow_5976","1.0"
"zomato_6073","yellow_1684","0.9368421052631579"
"zomato_4284","yellow_3375","0.8142857142857143"
"zomato_2417","yellow_5303","0.8620689655172413"
"zomato_1436","yellow_8673","0.7"
"zomato_1521","yellow_25030","0.9076923076923077"
"zomato_1654","yellow_25238","0.8823529411764706"
"zomato_1787","yellow_26180","1.0"
"zomato_7272","yellow_2197","1.0"
"zomato_1872","yellow_26042","1.0"
"zomato_7187","yellow_2146","0.8947368421052632"
"zomato_685","yellow_6359","0.9111111111111111"
"zomato_6604","yellow_755","1.0"
"zomato_2501","yellow_4424","0.776"
"zomato_7054","yellow_1876","0.94"
"zomato_770","yellow_8576","0.9142857142857143"
"zomato_4198","yellow_5256","0.7461538461538462"
"zomato_249","yellow_7876","1.0"
"zomato_6292","yellow_784","1.0"
"zomato_2190","yellow_24591","0.7913043478260869"
"zomato_3614","yellow_4617","0.9789473684210527"
"zomato_1873","yellow_24749","0.7019230769230769"
"zomato_1788","yellow_23996","0.8571428571428571"
"zomato_7140","yellow_1051","1.0"
"zomato_1740","yellow_26158","1.0"
"zomato_6823","yellow_1670","1.0"
"zomato_1789","yellow_26403","0.8787878787878788"
"zomato_7055","yellow_191","0.7473684210526316"
"zomato_1438","yellow_7385","1.0"
"zomato_2635","yellow_4023","1.0"
"zomato_3748","yellow_5577","0.92"
"zomato_2720","yellow_3566","0.9428571428571428"
"zomato_468","yellow_6496","1.0"
"zomato_335","yellow_8162","1.0"
"zomato_6076","yellow_2921","1.0"
"zomato_5977","yellow_2168","0.94"
"zomato_1567","yellow_26029","1.0"
"zomato_1785","yellow_25725","0.92"
"zomato_1870","yellow_24958","1.0"
"zomato_1652","yellow_23536","0.8620689655172413"
"zomato_6606","yellow_43","1.0"
"zomato_7141","yellow_1253","1.0"
"zomato_994","yellow_5990","0.8"
"zomato_2547","yellow_3444","1.0"
"zomato_2414","yellow_5408","1.0"
"zomato_1217","yellow_6384","0.8125"
"zomato_2898","yellow_4912","1.0"
"zomato_3747","yellow_3421","0.7142857142857143"
"zomato_2765","yellow_4495","0.7"
"zomato_2850","yellow_3766","0.7333333333333334"
"zomato_2983","yellow_3918","0.8200000000000001"
"zomato_776","yellow_6501","0.9359999999999999"
"zomato_3878","yellow_5394","1.0"
"zomato_3612","yellow_5523","1.0"
"zomato_1568","yellow_23556","0.92"
"zomato_1520","yellow_24038","1.0"
"zomato_6959","yellow_1955","1.0"
"zomato_7057","yellow_860","1.0"
"zomato_6958","yellow_2220","1.0"
"zomato_7142","yellow_1966","0.7333333333333334"
"zomato_6910","yellow_1995","0.7224489795918367"
"zomato_1569","yellow_25271","0.8620689655172413"
"zomato_2415","yellow_4142","1.0"
"zomato_1218","yellow_7378","0.7484472049689441"
"zomato_4195","yellow_3184","1.0"
"zomato_644","yellow_6178","1.0"
"zomato_511","yellow_6432","1.0"
"zomato_777","yellow_8642","1.0"
"zomato_6380","yellow_723","1.0"
"zomato_6030","yellow_628","0.9555555555555556"
"zomato_5979","yellow_571","0.9454545454545454"
"zomato_3744","yellow_4548","0.7333333333333334"
"zomato_3526","yellow_3038","1.0"
"zomato_6078","yellow_2296","1.0"
"zomato_1347","yellow_6707","0.968421052631579"
"zomato_1565","yellow_24999","0.8857142857142857"
"zomato_1698","yellow_25210","1.0"
"zomato_6827","yellow_2825","0.8"
"zomato_7276","yellow_2915","0.7813765182186234"
"zomato_7058","yellow_1619","0.7449275362318841"
"zomato_7494","yellow_447","0.7666666666666666"
"zomato_2678","yellow_5837","0.737799043062201"
"zomato_205","yellow_8406","0.7043478260869566"
"zomato_556","yellow_7831","0.7027568922305765"
"zomato_3610","yellow_4970","1.0"
"zomato_6164","yellow_979","1.0"
"zomato_1433","yellow_6627","1.0"
"zomato_1651","yellow_24972","1.0"
"zomato_1300","yellow_8340","1.0"
"zomato_1784","yellow_24213","1.0"
"zomato_6828","yellow_849","1.0"
"zomato_2631","yellow_4866","1.0"
"zomato_860","yellow_8433","1.0"
"zomato_7011","yellow_750","0.79"
"zomato_3659","yellow_3497","1.0"
"zomato_206","yellow_8186","1.0"
"zomato_4071","yellow_4533","1.0"
"zomato_5836","yellow_2417","0.8285714285714285"
"zomato_3536","yellow_4607","0.7176470588235294"
"zomato_3887","yellow_3876","0.7083333333333333"
"zomato_919","yellow_8331","1.0"
"zomato_1139","yellow_6679","1.0"
"zomato_1575","yellow_24531","1.0"
"zomato_6817","yellow_2681","0.7657754010695187"
"zomato_7133","yellow_765","1.0"
"zomato_2422","yellow_3449","1.0"
"zomato_7351","yellow_386","0.7777777777777778"
"zomato_255","yellow_7305","0.7978260869565217"
"zomato_2555","yellow_5296","0.9555555555555555"
"zomato_691","yellow_6965","1.0"
"zomato_2773","yellow_3894","0.7666666666666666"
"zomato_3620","yellow_3814","0.7"
"zomato_3971","yellow_5195","0.7290322580645161"
"zomato_1225","yellow_7829","1.0"
"zomato_3886","yellow_4051","0.8260869565217391"
"zomato_3535","yellow_5169","1.0"
"zomato_1358","yellow_6612","1.0"
"zomato_1576","yellow_24782","1.0"
"zomato_1794","yellow_26140","0.7428571428571429"
"zomato_7485","yellow_2761","1.0"
"zomato_3090","yellow_3273","0.908421052631579"
"zomato_389","yellow_8030","0.7272727272727273"
"zomato_123","yellow_6493","1.0"
"zomato_2689","yellow_3784","0.772972972972973"
"zomato_2205","yellow_23626","1.0"
"zomato_917","yellow_7522","1.0"
"zomato_3401","yellow_5090","1.0"
"zomato_3885","yellow_5036","1.0"
"zomato_5923","yellow_2524","1.0"
"zomato_1222","yellow_8889","1.0"
"zomato_1791","yellow_25710","1.0"
"zomato_6373","yellow_2261","1.0"
"zomato_3534","yellow_3171","0.9085714285714286"
"zomato_6819","yellow_534","1.0"
"zomato_1440","yellow_7431","0.7"
"zomato_6903","yellow_2188","1.0"
"zomato_7571","yellow_1066","0.7473684210526316"
"zomato_7135","yellow_1413","0.8621848739495799"
"zomato_6241","yellow_1421","0.98"
"zomato_5924","yellow_218","1.0"
"zomato_3799","yellow_3226","0.7082706766917293"
"zomato_3666","yellow_3378","1.0"
"zomato_1005","yellow_7552","1.0"
"zomato_1489","yellow_24290","1.0"
"zomato_2119","yellow_23586","0.9076923076923077"
"zomato_1574","yellow_23746","1.0"
"zomato_7572","yellow_1853","1.0"
"zomato_2554","yellow_5130","0.78"
"zomato_2421","yellow_5341","0.7642857142857143"
"zomato_690","yellow_8287","0.8"
"zomato_2336","yellow_3301","0.7739130434782608"
"zomato_7269","yellow_1161","1.0"
"zomato_2203","yellow_24127","0.7266149870801034"
"zomato_3883","yellow_4043","1.0"
"zomato_1571","yellow_24252","0.9076923076923077"
"zomato_6460","yellow_1199","1.0"
"zomato_1002","yellow_7781","0.8384615384615386"
"zomato_3314","yellow_4590","1.0"
"zomato_562","yellow_7114","1.0"
"zomato_695","yellow_6812","1.0"
"zomato_2333","yellow_5240","0.7130434782608696"
"zomato_2599","yellow_4992","1.0"
"zomato_7222","yellow_2445","1.0"
"zomato_126","yellow_7992","0.7627118644067796"
"zomato_6110","yellow_2514","1.0"
"zomato_6594","yellow_2456","1.0"
"zomato_1003","yellow_6838","1.0"
"zomato_1790","yellow_25480","0.9724137931034482"
"zomato_2770","yellow_3641","0.8078947368421052"
"zomato_212","yellow_6029","0.8378947368421052"
"zomato_2552","yellow_3089","0.9727272727272728"
"zomato_2685","yellow_5796","0.9647058823529412"
"zomato_4208","yellow_3007","1.0"
"zomato_2201","yellow_24957","1.0"
"zomato_7489","yellow_1372","1.0"
"zomato_7223","yellow_1919","0.9111111111111111"
"zomato_2249","yellow_23996","0.7714285714285715"
"zomato_7138","yellow_2879","1.0"
"zomato_3796","yellow_5029","1.0"
"zomato_3009","yellow_3840","1.0"
"zomato_6595","yellow_1634","0.88"
"zomato_6244","yellow_2280","0.94"
"zomato_6026","yellow_386","0.825"
"zomato_6111","yellow_417","0.7250000000000001"
"zomato_6377","yellow_2040","0.94"
"zomato_2113","yellow_24654","0.8714285714285714"
"zomato_2331","yellow_4094","0.7130434782608696"
"zomato_2246","yellow_24520","0.7199095022624434"
"zomato_7357","yellow_2873","1.0"
"zomato_2379","yellow_5216","0.896774193548387"
"zomato_693","yellow_6528","1.0"
"zomato_2028","yellow_25844","0.7111111111111112"
"zomato_560","yellow_7240","1.0"
"zomato_6680","yellow_180","1.0"
"zomato_1570","yellow_24737","1.0"
"zomato_3444","yellow_5755","1.0"
"zomato_3577","yellow_5562","1.0"
"zomato_3311","yellow_5581","0.9647058823529412"
"zomato_6463","yellow_393","0.8636363636363636"
"zomato_3359","yellow_4526","0.9555555555555555"
"zomato_6112","yellow_2573","0.94"
"zomato_3880","yellow_3759","1.0"
"zomato_1352","yellow_6968","0.7111111111111112"
"zomato_4339","yellow_5061","1.0"
"zomato_476","yellow_7224","1.0"
"zomato_2598","yellow_5405","0.92"
"zomato_561","yellow_6339","0.9111111111111111"
"zomato_7443","yellow_2461","0.8107142857142857"
"zomato_2550","yellow_3930","1.0"
"zomato_3576","yellow_4040","1.0"
"zomato_3225","yellow_5807","1.0"
"zomato_1482","yellow_24911","0.8"
"zomato_3794","yellow_3155","0.7904761904761904"
"zomato_3007","yellow_4503","1.0"
"zomato_3443","yellow_5127","1.0"
"zomato_608","yellow_7385","0.7185185185185186"
"zomato_3358","yellow_5370","0.712"
"zomato_6028","yellow_2060","0.7868421052631578"
"zomato_2908","yellow_3445","0.74"
"zomato_3661","yellow_5007","1.0"
"zomato_1397","yellow_8559","0.7"
"zomato_1264","yellow_6201","0.71875"
"zomato_4338","yellow_4209","1.0"
"zomato_4205","yellow_3328","0.7335403726708074"
"zomato_7444","yellow_1855","0.7692307692307693"
"zomato_7662","yellow_1098","0.7254901960784313"
"zomato_7577","yellow_1591","1.0"
"zomato_295","yellow_6717","1.0"
"zomato_910","yellow_6980","1.0"
"zomato_2680","yellow_4350","0.9769230769230769"
"zomato_2462","yellow_3968","1.0"
"zomato_3357","yellow_4967","1.0"
"zomato_1483","yellow_26282","1.0"
"zomato_3139","yellow_5664","1.0"
"zomato_3575","yellow_4891","0.7778947368421052"
"zomato_6114","yellow_1304","1.0"
"zomato_6598","yellow_648","0.7875"
"zomato_1265","yellow_8279","1.0"
"zomato_3660","yellow_4439","1.0"
"zomato_2909","yellow_5121","1.0"
"zomato_2112","yellow_24760","0.7052631578947368"
"zomato_7663","yellow_2466","0.976"
"zomato_2027","yellow_25611","0.85"
"zomato_4204","yellow_3947","1.0"
"zomato_163","yellow_7012","1.0"
"zomato_7578","yellow_2897","0.76"
"zomato_7227","yellow_1980","0.808695652173913"
"zomato_6683","yellow_894","1.0"
"zomato_911","yellow_7198","1.0"
"zomato_2906","yellow_4764","1.0"
"zomato_3356","yellow_5407","0.8142857142857143"
"zomato_3489","yellow_3323","0.7931034482758621"
"zomato_1480","yellow_24941","1.0"
"zomato_6200","yellow_2908","0.8666666666666667"
"zomato_6333","yellow_2759","0.94"
"zomato_6115","yellow_1760","1.0"
"zomato_2157","yellow_24830","1.0"
"zomato_1708","yellow_24667","1.0"
"zomato_2024","yellow_25887","0.7048275862068966"
"zomato_7313","yellow_477","0.9111111111111111"
"zomato_7531","yellow_94","0.94"
"zomato_7446","yellow_2533","0.725"
"zomato_738","yellow_6936","1.0"
"zomato_2460","yellow_3207","0.8074074074074075"
"zomato_2907","yellow_3870","1.0"
"zomato_3355","yellow_4376","0.8909090909090909"
"zomato_1481","yellow_23941","0.712"
"zomato_6334","yellow_2853","0.9529411764705882"
"zomato_6201","yellow_1277","1.0"
"zomato_161","yellow_6549","1.0"
"zomato_2376","yellow_5474","1.0"
"zomato_2243","yellow_25236","0.7"
"zomato_4202","yellow_5557","1.0"
"zomato_4335","yellow_5450","1.0"
"zomato_7229","yellow_166","1.0"
"zomato_606","yellow_7002","1.0"
"zomato_2461","yellow_3702","1.0"
"zomato_3269","yellow_3000","1.0"
"zomato_3487","yellow_4873","1.0"
"zomato_3136","yellow_4356","1.0"
"zomato_6335","yellow_1063","0.9142857142857144"
"zomato_3221","yellow_2990","1.0"
"zomato_3790","yellow_3976","0.775"
"zomato_2288","yellow_24916","1.0"
"zomato_1706","yellow_25988","0.975"
"zomato_2155","yellow_24881","0.7250000000000001"
"zomato_1924","yellow_24321","0.875"
"zomato_251","yellow_6740","1.0"
"zomato_2240","yellow_24726","0.8769230769230769"
"zomato_2022","yellow_25697","0.7575757575757576"
"zomato_1261","yellow_7996","1.0"
"zomato_916","yellow_6996","1.0"
"zomato_3002","yellow_5935","0.7789473684210526"
"zomato_6554","yellow_1187","0.9294117647058824"
"zomato_3353","yellow_3088","1.0"
"zomato_3220","yellow_4385","0.8285714285714285"
"zomato_1925","yellow_23844","0.968"
"zomato_2023","yellow_24828","1.0"
"zomato_2156","yellow_24066","1.0"
"zomato_252","yellow_7769","0.7894736842105263"
"zomato_470","yellow_6609","1.0"
"zomato_385","yellow_6004","1.0"
"zomato_7667","yellow_2925","1.0"
"zomato_6990","yellow_1943","0.9368421052631579"
"zomato_2374","yellow_5656","1.0"
"zomato_2241","yellow_25302","1.0"
"zomato_3267","yellow_4870","0.8909090909090909"
"zomato_3001","yellow_4084","0.9368421052631579"
"zomato_1040","yellow_7332","0.762962962962963"
"zomato_4029","yellow_4839","1.0"
"zomato_2068","yellow_26149","1.0"
"zomato_1922","yellow_24342","1.0"
"zomato_1704","yellow_23606","0.725"
"zomato_4247","yellow_3649","1.0"
"zomato_7620","yellow_769","0.8125"
"zomato_4332","yellow_4557","1.0"
"zomato_2153","yellow_25282","0.8620689655172413"
"zomato_2286","yellow_25099","0.8857142857142857"
"zomato_3399","yellow_3913","1.0"
"zomato_2903","yellow_4921","1.0"
"zomato_6556","yellow_2317","1.0"
"zomato_3484","yellow_4524","1.0"
"zomato_2069","yellow_24002","0.8956521739130434"
"zomato_2287","yellow_25577","0.72"
"zomato_1705","yellow_25506","1.0"
"zomato_383","yellow_8788","1.0"
"zomato_165","yellow_7291","1.0"
"zomato_1923","yellow_26231","0.8833333333333333"
"zomato_6641","yellow_494","0.7236363636363636"
"zomato_2590","yellow_3519","0.8260869565217391"
"zomato_7318","yellow_212","1.0"
"zomato_6521","yellow_2268","1.0"
"zomato_3580","yellow_5166","1.0"
"zomato_1931","yellow_25974","0.9727272727272728"
"zomato_1183","yellow_7143","1.0"
"zomato_2609","yellow_5080","1.0"
"zomato_4039","yellow_5933","1.0"
"zomato_1847","yellow_24526","0.9714285714285714"
"zomato_1714","yellow_23657","0.9333333333333333"
"zomato_877","yellow_8519","0.7443609022556391"
"zomato_7634","yellow_2829","1.0"
"zomato_7416","yellow_2512","0.7189473684210526"
"zomato_659","yellow_6362","0.7054545454545454"
"zomato_744","yellow_7834","0.7818181818181819"
"zomato_3808","yellow_3952","0.7789473684210526"
"zomato_3010","yellow_4252","0.875"
"zomato_5893","yellow_2285","1.0"
"zomato_3276","yellow_5214","0.8363636363636364"
"zomato_1848","yellow_24670","1.0"
"zomato_2079","yellow_26325","0.7636363636363637"
"zomato_6788","yellow_1699","0.7250000000000001"
"zomato_1933","yellow_25753","0.7166666666666667"
"zomato_1715","yellow_23850","0.8666666666666667"
"zomato_4341","yellow_5365","0.9571428571428572"
"zomato_963","yellow_7478","1.0"
"zomato_3807","yellow_3823","0.968421052631579"
"zomato_612","yellow_7514","1.0"
"zomato_745","yellow_6309","0.9"
"zomato_2958","yellow_4724","1.0"
"zomato_6523","yellow_2891","0.7923076923076924"
"zomato_6305","yellow_2852","0.7328947368421053"
"zomato_1711","yellow_24346","0.7577777777777778"
"zomato_5894","yellow_890","1.0"
"zomato_1845","yellow_26259","1.0"
"zomato_1712","yellow_23590","0.8588235294117647"
"zomato_1627","yellow_23904","0.7282051282051282"
"zomato_6874","yellow_2752","0.8039473684210526"
"zomato_6741","yellow_1316","1.0"
"zomato_2161","yellow_26201","0.8833333333333333"
"zomato_742","yellow_6673","0.7"
"zomato_2294","yellow_23835","0.7527777777777778"
"zomato_524","yellow_6199","1.0"
"zomato_7418","yellow_1824","1.0"
"zomato_3189","yellow_5660","0.9384615384615385"
"zomato_5895","yellow_2574","1.0"
"zomato_3492","yellow_5501","1.0"
"zomato_1930","yellow_24470","1.0"
"zomato_1628","yellow_25040","1.0"
"zomato_961","yellow_8807","0.96"
"zomato_876","yellow_8480","1.0"
"zomato_3805","yellow_5091","0.7202398800599701"
"zomato_2380","yellow_5146","1.0"
"zomato_2295","yellow_23838","1.0"
"zomato_743","yellow_8103","0.9666666666666667"
"zomato_525","yellow_7541","1.0"
"zomato_2738","yellow_4887","0.7557894736842106"
"zomato_3491","yellow_5525","0.925"
"zomato_7060","yellow_563","0.9714285714285714"
"zomato_3055","yellow_4009","1.0"
"zomato_1094","yellow_6610","0.7176470588235294"
"zomato_1842","yellow_25818","1.0"
"zomato_6658","yellow_769","0.7344537815126051"
"zomato_4168","yellow_5655","0.9111111111111111"
"zomato_1758","yellow_23788","1.0"
"zomato_4120","yellow_5417","1.0"
"zomato_3719","yellow_4076","0.7216931216931218"
"zomato_700","yellow_8012","0.8"
"zomato_5897","yellow_1316","0.73"
"zomato_7061","yellow_98","0.7058823529411765"
"zomato_1843","yellow_23704","1.0"
"zomato_2606","yellow_5109","0.8875"
"zomato_1977","yellow_23911","1.0"
"zomato_1844","yellow_25214","1.0"
"zomato_6962","yellow_118","0.8320000000000001"
"zomato_2160","yellow_25236","0.76"
"zomato_616","yellow_8240","0.8363636363636364"
"zomato_2293","yellow_24809","0.8625"
"zomato_2075","yellow_26074","1.0"
"zomato_2869","yellow_4337","1.0"
"zomato_3801","yellow_5955","0.7942857142857143"
"zomato_1622","yellow_24124","0.8571428571428571"
"zomato_2603","yellow_5548","1.0"
"zomato_3271","yellow_4407","1.0"
"zomato_7062","yellow_975","1.0"
"zomato_1755","yellow_24109","0.7"
"zomato_1538","yellow_24352","1.0"
"zomato_1756","yellow_23741","0.76"
"zomato_2072","yellow_24785","1.0"
"zomato_964","yellow_7194","1.0"
"zomato_2290","yellow_25439","0.8620689655172413"
"zomato_528","yellow_7589","1.0"
"zomato_4033","yellow_5046","0.7652173913043478"
"zomato_879","yellow_6679","0.7043478260869566"
"zomato_613","yellow_8210","1.0"
"zomato_6082","yellow_1278","0.9571428571428572"
"zomato_2955","yellow_5212","1.0"
"zomato_3800","yellow_5413","0.9304347826086956"
"zomato_1841","yellow_25599","0.8258064516129033"
"zomato_1623","yellow_24644","0.7636363636363637"
"zomato_3270","yellow_5019","0.9454545454545454"
"zomato_1974","yellow_24308","1.0"
"zomato_6746","yellow_1003","0.8266666666666667"
"zomato_6879","yellow_1045","0.7112299465240641"
"zomato_6964","yellow_327","0.79375"
"zomato_1624","yellow_26071","1.0"
"zomato_6831","yellow_1120","1.0"
"zomato_614","yellow_8393","1.0"
"zomato_6083","yellow_1779","0.8117647058823529"
"zomato_7508","yellow_1682","0.9368421052631579"
"zomato_5852","yellow_2170","1.0"
"zomato_5985","yellow_2827","0.7857142857142857"
"zomato_2867","yellow_5477","0.7"
"zomato_1753","yellow_24099","0.839516129032258"
"zomato_2516","yellow_5009","1.0"
"zomato_1535","yellow_23598","0.92"
"zomato_1620","yellow_23862","1.0"
"zomato_6529","yellow_718","1.0"
"zomato_651","yellow_7233","1.0"
"zomato_784","yellow_8337","0.7437229437229438"
"zomato_6747","yellow_1175","1.0"
"zomato_433","yellow_7988","0.74"
"zomato_1318","yellow_6197","0.775"
"zomato_1669","yellow_25025","1.0"
"zomato_3715","yellow_3601","0.9333333333333333"
"zomato_2733","yellow_4527","0.9333333333333333"
"zomato_4079","yellow_5968","1.0"
"zomato_2070","yellow_25514","0.78"
"zomato_6084","yellow_2229","0.96"
"zomato_6085","yellow_683","1.0"
"zomato_3931","yellow_3844","1.0"
"zomato_3713","yellow_5552","0.85"
"zomato_1754","yellow_23592","1.0"
"zomato_1621","yellow_24840","0.9176470588235295"
"zomato_3183","yellow_5521","1.0"
"zomato_6748","yellow_2962","0.7684210526315789"
"zomato_6966","yellow_484","1.0"
"zomato_652","yellow_6438","1.0"
"zomato_1888","yellow_25048","0.8666666666666667"
"zomato_1537","yellow_25851","0.95"
"zomato_3847","yellow_5410","1.0"
"zomato_4296","yellow_5880","1.0"
"zomato_6170","yellow_220","0.8363636363636364"
"zomato_4163","yellow_3196","1.0"
"zomato_6086","yellow_819","1.0"
"zomato_3930","yellow_5782","0.8114285714285714"
"zomato_5854","yellow_2947","1.0"
"zomato_2647","yellow_4242","1.0"
"zomato_3097","yellow_3779","0.8181818181818181"
"zomato_1799","yellow_25930","1.0"
"zomato_1751","yellow_24710","1.0"
"zomato_782","yellow_8507","1.0"
"zomato_7199","yellow_1169","1.0"
"zomato_213","yellow_7550","0.7130434782608696"
"zomato_6967","yellow_2181","1.0"
"zomato_2513","yellow_5747","0.8404347826086958"
"zomato_3628","yellow_4336","0.7272727272727273"
"zomato_2997","yellow_3204","0.8507518796992481"
"zomato_346","yellow_7540","1.0"
"zomato_57","yellow_8107","1.0"
"zomato_3977","yellow_5535","1.0"
"zomato_1885","yellow_24130","1.0"
"zomato_1534","yellow_23784","1.0"
"zomato_2648","yellow_4535","0.7"
"zomato_1667","yellow_24271","0.8787878787878788"
"zomato_1970","yellow_26008","1.0"
"zomato_6618","yellow_430","1.0"
"zomato_565","yellow_7008","1.0"
"zomato_6920","yellow_2473","1.0"
"zomato_1668","yellow_24116","0.788235294117647"
"zomato_3409","yellow_4234","0.7818181818181817"
"zomato_2732","yellow_3316","1.0"
"zomato_6390","yellow_345","1.0"
"zomato_2950","yellow_4209","0.71699604743083"
"zomato_6088","yellow_593","1.0"
"zomato_3710","yellow_5307","1.0"
"zomato_3976","yellow_3945","1.0"
"zomato_5941","yellow_336","0.7529411764705882"
"zomato_1446","yellow_7185","0.9454545454545454"
"zomato_1531","yellow_23464","0.7857142857142857"
"zomato_6619","yellow_1916","0.7473684210526316"
"zomato_6969","yellow_273","1.0"
"zomato_3180","yellow_3328","0.7296442687747036"
"zomato_2511","yellow_5745","1.0"
"zomato_2644","yellow_5190","1.0"
"zomato_6921","yellow_632","1.0"
"zomato_3408","yellow_3423","1.0"
"zomato_2995","yellow_3465","0.7806451612903226"
"zomato_304","yellow_8827","1.0"
"zomato_2862","yellow_5154","0.7130434782608696"
"zomato_437","yellow_7544","0.7057894736842105"
"zomato_5857","yellow_1545","1.0"
"zomato_11","yellow_7078","1.0"
"zomato_5942","yellow_200","1.0"
"zomato_2428","yellow_5037","1.0"
"zomato_1665","yellow_24493","0.7619047619047619"
"zomato_3094","yellow_3108","1.0"
"zomato_6838","yellow_1492","0.8052173913043479"
"zomato_1750","yellow_25182","0.8823529411764706"
"zomato_2512","yellow_4625","0.7010141987829615"
"zomato_7021","yellow_1032","1.0"
"zomato_2778","yellow_4955","1.0"
"zomato_2863","yellow_3291","1.0"
"zomato_523","yellow_8237","1.0"
"zomato_2730","yellow_3890","1.0"
"zomato_3841","yellow_5347","0.9157894736842105"
"zomato_3974","yellow_5653","1.0"
"zomato_3623","yellow_4766","0.8222222222222222"
"zomato_2207","yellow_23949","0.76"
"zomato_1880","yellow_24087","0.9"
"zomato_6706","yellow_1317","0.7368421052631579"
"zomato_6839","yellow_2557","1.0"
"zomato_7373","yellow_2913","1.0"
"zomato_653","yellow_8755","1.0"
"zomato_2206","yellow_24065","0.88"
"zomato_871","yellow_6578","1.0"
"zomato_2993","yellow_3848","1.0"
"zomato_302","yellow_8564","1.0"
"zomato_2860","yellow_3956","1.0"
"zomato_4073","yellow_4734","0.9142857142857143"
"zomato_5811","yellow_2001","1.0"
"zomato_3840","yellow_5226","0.9407407407407408"
"zomato_3755","yellow_5607","0.85"
"zomato_3404","yellow_3808","0.7724137931034483"
"zomato_3888","yellow_4902","0.7333333333333334"
"zomato_2559","yellow_4595","0.896774193548387"
"zomato_1530","yellow_24537","1.0"
"zomato_1663","yellow_25924","1.0"
"zomato_7241","yellow_1774","0.7837837837837838"
"zomato_7592","yellow_1216","1.0"
"zomato_2510","yellow_4755","0.9619047619047619"
"zomato_7156","yellow_1791","0.9368421052631579"
"zomato_2558","yellow_4156","0.9666666666666667"
"zomato_1228","yellow_7916","1.0"
"zomato_654","yellow_8101","0.8181818181818181"
"zomato_6383","yellow_1432","1.0"
"zomato_3500","yellow_3476","1.0"
"zomato_3984","yellow_4881","1.0"
"zomato_1103","yellow_8415","1.0"
"zomato_3899","yellow_4020","1.0"
"zomato_6829","yellow_1410","0.7"
"zomato_1454","yellow_26024","0.8142857142857143"
"zomato_6913","yellow_2232","0.7066666666666667"
"zomato_7581","yellow_512","1.0"
"zomato_2301","yellow_25987","0.8"
"zomato_134","yellow_8705","1.0"
"zomato_2434","yellow_4879","1.0"
"zomato_2567","yellow_4223","1.0"
"zomato_7278","yellow_1121","1.0"
"zomato_5801","yellow_2471","1.0"
"zomato_5934","yellow_12","1.0"
"zomato_3765","yellow_5512","0.7071428571428572"
"zomato_95","yellow_6645","0.7418181818181818"
"zomato_1588","yellow_24694","1.0"
"zomato_1891","yellow_26376","0.875"
"zomato_135","yellow_7146","1.0"
"zomato_2520","yellow_4783","0.76"
"zomato_353","yellow_7426","0.8117647058823529"
"zomato_2653","yellow_5025","0.7733333333333334"
"zomato_2435","yellow_3987","1.0"
"zomato_2302","yellow_24760","1.0"
"zomato_220","yellow_7742","1.0"
"zomato_929","yellow_8457","1.0"
"zomato_4081","yellow_3809","0.8"
"zomato_3982","yellow_3241","0.8235294117647058"
"zomato_6385","yellow_486","0.8451612903225807"
"zomato_1234","yellow_6583","1.0"
"zomato_3328","yellow_5546","1.0"
"zomato_3679","yellow_5041","0.7214285714285713"
"zomato_1585","yellow_25280","1.0"
"zomato_7232","yellow_1640","1.0"
"zomato_2347","yellow_3002","0.8518518518518519"
"zomato_7498","yellow_675","0.8153846153846154"
"zomato_2783","yellow_4561","1.0"
"zomato_3981","yellow_4445","1.0"
"zomato_6120","yellow_2193","0.7666666666666667"
"zomato_3412","yellow_5013","0.772972972972973"
"zomato_6253","yellow_1117","0.8736842105263158"
"zomato_3630","yellow_5182","0.7272727272727273"
"zomato_3678","yellow_3078","1.0"
"zomato_1235","yellow_7204","1.0"
"zomato_3327","yellow_5183","0.7"
"zomato_3545","yellow_3888","1.0"
"zomato_97","yellow_8785","1.0"
"zomato_6917","yellow_2813","1.0"
"zomato_1453","yellow_25799","1.0"
"zomato_4308","yellow_3060","1.0"
"zomato_1671","yellow_23871","1.0"
"zomato_133","yellow_7096","0.8424242424242424"
"zomato_2300","yellow_25100","0.7652173913043478"
"zomato_2566","yellow_5789","1.0"
"zomato_2215","yellow_23893","0.7103448275862069"
"zomato_7233","yellow_1696","0.78"
"zomato_5937","yellow_96","0.772972972972973"
"zomato_3411","yellow_3119","1.0"
"zomato_3108","yellow_5031","0.7"
"zomato_6036","yellow_1600","1.0"
"zomato_6254","yellow_2057","1.0"
"zomato_6169","yellow_1062","0.8823529411764706"
"zomato_3326","yellow_5946","1.0"
"zomato_1498","yellow_25589","0.8144927536231885"
"zomato_1583","yellow_26294","0.9058823529411765"
"zomato_0","yellow_6722","0.817391304347826"
"zomato_7670","yellow_2034","0.94"
"zomato_2781","yellow_3820","1.0"
"zomato_2563","yellow_5074","1.0"
"zomato_2696","yellow_5669","0.9333333333333333"
"zomato_2212","yellow_25128","1.0"
"zomato_4306","yellow_3769","1.0"
"zomato_7585","yellow_2470","0.7777777777777778"
"zomato_489","yellow_8643","0.7141700404858299"
"zomato_5938","yellow_1904","0.9"
"zomato_3894","yellow_5080","0.7260869565217392"
"zomato_1100","yellow_8593","1.0"
"zomato_3107","yellow_4855","1.0"
"zomato_6473","yellow_436","1.0"
"zomato_3410","yellow_3608","1.0"
"zomato_99","yellow_6723","1.0"
"zomato_1148","yellow_7964","1.0"
"zomato_6388","yellow_1867","0.8833333333333333"
"zomato_51","yellow_7423","0.73"
"zomato_6919","yellow_2955","1.0"
"zomato_1499","yellow_23580","0.9142857142857144"
"zomato_1584","yellow_25222","0.94"
"zomato_793","yellow_8657","1.0"
"zomato_224","yellow_6240","0.7428571428571429"
"zomato_575","yellow_8843","1.0"
"zomato_7671","yellow_2881","1.0"
"zomato_2128","yellow_24858","1.0"
"zomato_2479","yellow_4698","1.0"
"zomato_7017","yellow_1714","1.0"
"zomato_6691","yellow_1373","1.0"
"zomato_3675","yellow_2973","0.7925925925925926"
"zomato_3239","yellow_5487","1.0"
"zomato_6389","yellow_190","0.7057692307692307"
"zomato_6123","yellow_2678","0.7733333333333333"
"zomato_6038","yellow_2487","0.9047619047619048"
"zomato_1496","yellow_25649","1.0"
"zomato_2343","yellow_3393","0.9111111111111111"
"zomato_4304","yellow_3979","0.7"
"zomato_354","yellow_7771","1.0"
"zomato_7236","yellow_504","0.7411764705882353"
"zomato_7321","yellow_2223","0.84"
"zomato_1809","yellow_25046","0.8"
"zomato_3105","yellow_4767","1.0"
"zomato_3674","yellow_3972","0.9454545454545454"
"zomato_1582","yellow_24762","0.7130434782608696"
"zomato_3323","yellow_5769","0.9076923076923077"
"zomato_6560","yellow_188","0.9058823529411765"
"zomato_1146","yellow_6503","1.0"
"zomato_6342","yellow_24","0.7066666666666667"
"zomato_6257","yellow_1321","1.0"
"zomato_3589","yellow_3356","1.0"
"zomato_6039","yellow_248","0.7912280701754386"
"zomato_1279","yellow_8215","1.0"
"zomato_3892","yellow_5150","1.0"
"zomato_2211","yellow_24343","1.0"
"zomato_573","yellow_7434","1.0"
"zomato_7540","yellow_2781","0.8117647058823529"
"zomato_488","yellow_8518","1.0"
"zomato_2259","yellow_24754","1.0"
"zomato_7673","yellow_1004","1.0"
"zomato_7322","yellow_2570","0.8444444444444444"
"zomato_440","yellow_6868","0.968421052631579"
"zomato_5808","yellow_944","0.9333333333333333"
"zomato_6693","yellow_2545","0.9368421052631579"
"zomato_1494","yellow_23976","1.0"
"zomato_3673","yellow_4845","0.7"
"zomato_6258","yellow_2110","0.76"
"zomato_1276","yellow_8191","1.0"
"zomato_2474","yellow_3596","1.0"
"zomato_2038","yellow_26159","1.0"
"zomato_7541","yellow_1663","0.9351351351351351"
"zomato_7589","yellow_572","0.7428571428571429"
"zomato_922","yellow_8547","0.7"
"zomato_3236","yellow_4501","0.8152173913043479"
"zomato_1362","yellow_7007","0.7055900621118013"
"zomato_839","yellow_7739","1.0"
"zomato_706","yellow_8847","1.0"
"zomato_6562","yellow_1254","0.9333333333333333"
"zomato_1059","yellow_8441","1.0"
"zomato_3103","yellow_4258","0.896774193548387"
"zomato_3369","yellow_3368","1.0"
"zomato_260","yellow_6858","1.0"
"zomato_1277","yellow_6998","0.7095238095238096"
"zomato_1495","yellow_24931","1.0"
"zomato_2124","yellow_25641","0.8"
"zomato_175","yellow_5982","0.7913043478260869"
"zomato_2039","yellow_24829","0.9741935483870968"
"zomato_7457","yellow_2811","0.8857142857142857"
"zomato_7106","yellow_2106","0.8782608695652174"
"zomato_705","yellow_7297","1.0"
"zomato_1808","yellow_23727","0.9454545454545454"
"zomato_3368","yellow_5735","0.888888888888889"
"zomato_1056","yellow_8709","0.9571428571428572"
"zomato_3453","yellow_3721","1.0"
"zomato_1189","yellow_8196","1.0"
"zomato_172","yellow_7895","1.0"
"zomato_3671","yellow_3355","1.0"
"zomato_2036","yellow_24104","0.7073005093378608"
"zomato_1805","yellow_24861","1.0"
"zomato_2254","yellow_25998","0.7466666666666667"
"zomato_1938","yellow_24387","0.9428571428571428"
"zomato_4300","yellow_4516","0.775"
"zomato_7676","yellow_1807","0.94"
"zomato_702","yellow_8815","1.0"
"zomato_617","yellow_6271","0.9359999999999999"
"zomato_2121","yellow_25936","0.8435897435897436"
"zomato_2472","yellow_5273","0.9478260869565217"
"zomato_1493","yellow_25926","0.8571428571428571"
"zomato_3585","yellow_4162","1.0"
"zomato_3234","yellow_3361","0.8071428571428572"
"zomato_3101","yellow_4541","1.0"
"zomato_619","yellow_7491","1.0"
"zomato_3016","yellow_4577","0.9407407407407408"
"zomato_1142","yellow_7619","1.0"
"zomato_2122","yellow_24959","0.7714285714285715"
"zomato_1939","yellow_23941","0.78"
"zomato_7411","yellow_1427","1.0"
"zomato_7544","yellow_747","1.0"
"zomato_173","yellow_7989","1.0"
"zomato_7108","yellow_1298","0.8400000000000001"
"zomato_6697","yellow_2749","0.7533333333333334"
"zomato_2473","yellow_3015","1.0"
"zomato_1272","yellow_7077","1.0"
"zomato_1490","yellow_23592","0.712"
"zomato_6129","yellow_1879","0.7130434782608696"
"zomato_6214","yellow_1560","0.78"
"zomato_1936","yellow_23766","0.8620689655172413"
"zomato_2034","yellow_23955","0.7021538461538461"
"zomato_263","yellow_7237","1.0"
"zomato_2385","yellow_3539","1.0"
"zomato_7109","yellow_1991","0.92"
"zomato_2917","yellow_3471","1.0"
"zomato_1055","yellow_8063","0.9647058823529412"
"zomato_928","yellow_6931","0.9428571428571428"
"zomato_1491","yellow_25691","1.0"
"zomato_3498","yellow_4617","0.7894736842105263"
"zomato_3232","yellow_5585","1.0"
"zomato_2386","yellow_5280","1.0"
"zomato_1937","yellow_24133","0.85"
"zomato_1719","yellow_24153","0.8620689655172413"
"zomato_131","yellow_8232","0.8095238095238095"
"zomato_4127","yellow_5460","1.0"
"zomato_6699","yellow_2675","0.9466666666666667"
"zomato_2120","yellow_26278","0.8555555555555555"
"zomato_2471","yellow_5017","0.8085714285714285"
"zomato_2829","yellow_4196","1.0"
"zomato_3279","yellow_5710","0.7653846153846153"
"zomato_3497","yellow_4925","1.0"
"zomato_3013","yellow_4010","1.0"
"zomato_707","yellow_8291","1.0"
"zomato_2914","yellow_3879","0.9111111111111111"
"zomato_6301","yellow_1859","1.0"
"zomato_6349","yellow_1127","0.735"
"zomato_6216","yellow_1282","0.7393103448275862"
"zomato_92","yellow_7548","1.0"
"zomato_3582","yellow_4756","1.0"
"zomato_1849","yellow_25016","1.0"
"zomato_394","yellow_8632","1.0"
"zomato_1801","yellow_24222","0.8666666666666667"
"zomato_4211","yellow_5172","1.0"
"zomato_924","yellow_7124","0.9076923076923077"
"zomato_3278","yellow_4245","0.8105263157894738"
"zomato_926","yellow_8573","0.8095238095238095"
"zomato_1271","yellow_7735","1.0"
"zomato_708","yellow_7995","0.9619047619047619"
"zomato_6435","yellow_2755","1.0"
"zomato_3496","yellow_3706","1.0"
"zomato_1053","yellow_7068","1.0"
"zomato_3230","yellow_3024","1.0"
"zomato_1186","yellow_6491","0.9304347826086956"
"zomato_7500","yellow_2906","1.0"
"zomato_1935","yellow_25059","0.7692307692307692"
"zomato_4125","yellow_3338","1.0"
"zomato_1802","yellow_25149","0.8719999999999999"
"zomato_6653","yellow_1645","0.788235294117647"
"zomato_7548","yellow_2283","1.0"
"zomato_2033","yellow_24863","1.0"
"zomato_3809","yellow_3517","0.7555555555555555"
"zomato_2384","yellow_4742","1.0"
"zomato_6400","yellow_2284","0.9368421052631579"
"zomato_3023","yellow_4981","1.0"
"zomato_1859","yellow_25664","0.7907692307692308"
"zomato_1811","yellow_25288","0.88"
"zomato_4269","yellow_5232","1.0"
"zomato_538","yellow_7606","1.0"
"zomato_4221","yellow_5104","1.0"
"zomato_7428","yellow_71","0.7352941176470589"
"zomato_2042","yellow_26033","1.0"
"zomato_2707","yellow_4042","0.8529411764705883"
"zomato_5990","yellow_515","0.7258312020460358"
"zomato_6401","yellow_1452","0.788235294117647"
"zomato_3022","yellow_4091","0.7555555555555555"
"zomato_3155","yellow_4654","1.0"
"zomato_1063","yellow_6050","1.0"
"zomato_3373","yellow_3097","0.7"
"zomato_3240","yellow_3220","0.7628571428571429"
"zomato_1727","yellow_24898","1.0"
"zomato_6885","yellow_2685","1.0"
"zomato_539","yellow_7178","1.0"
"zomato_2043","yellow_25379","0.8461538461538461"
"zomato_2261","yellow_25400","0.9428571428571428"
"zomato_7429","yellow_2702","1.0"
"zomato_2837","yellow_4015","0.7625"
"zomato_5991","yellow_729","0.7642857142857143"
"zomato_1060","yellow_7311","0.9809523809523809"
"zomato_6535","yellow_1002","0.8833333333333333"
"zomato_1941","yellow_24630","1.0"
"zomato_2619","yellow_3525","1.0"
"zomato_972","yellow_7057","0.8363636363636363"
"zomato_1724","yellow_26140","0.8857142857142857"
"zomato_1506","yellow_24254","1.0"
"zomato_1857","yellow_24598","0.9"
"zomato_754","yellow_8636","0.7423340961098398"
"zomato_2088","yellow_25078","0.7161290322580645"
"zomato_7071","yellow_962","1.0"
"zomato_6403","yellow_1378","0.9238095238095239"
"zomato_6536","yellow_2910","0.7151515151515151"
"zomato_1507","yellow_25445","1.0"
"zomato_6754","yellow_1469","0.8285714285714285"
"zomato_1725","yellow_23737","0.8453441295546559"
"zomato_6621","yellow_1501","0.7657754010695187"
"zomato_4048","yellow_3555","1.0"
"zomato_537","yellow_8220","1.0"
"zomato_2392","yellow_5045","0.9555555555555555"
"zomato_404","yellow_7625","0.7166666666666667"
"zomato_2041","yellow_23796","0.9351351351351351"
"zomato_2835","yellow_3395","0.7375"
"zomato_2702","yellow_4937","1.0"
"zomato_3152","yellow_3852","0.8264550264550266"
"zomato_1721","yellow_24637","0.8285714285714285"
"zomato_6319","yellow_2406","1.0"
"zomato_1419","yellow_7885","1.0"
"zomato_1855","yellow_26393","1.0"
"zomato_1988","yellow_24769","0.9238095238095239"
"zomato_6973","yellow_1791","0.7044117647058823"
"zomato_1504","yellow_25259","1.0"
"zomato_3901","yellow_5093","1.0"
"zomato_2171","yellow_25821","0.7333333333333334"
"zomato_2701","yellow_5089","1.0"
"zomato_6840","yellow_250","0.7857142857142857"
"zomato_930","yellow_8666","1.0"
"zomato_627","yellow_6963","0.7"
"zomato_712","yellow_6361","0.8799999999999999"
"zomato_2703","yellow_5113","0.9368421052631579"
"zomato_183","yellow_6973","1.0"
"zomato_1192","yellow_6233","0.8103896103896104"
"zomato_1722","yellow_25684","1.0"
"zomato_3199","yellow_3613","0.7078260869565217"
"zomato_5861","yellow_387","1.0"
"zomato_1505","yellow_26232","0.8"
"zomato_1723","yellow_23616","0.9625"
"zomato_1638","yellow_24320","0.7166666666666667"
"zomato_4264","yellow_3752","1.0"
"zomato_931","yellow_8552","1.0"
"zomato_2172","yellow_25857","1.0"
"zomato_7603","yellow_1742","0.71"
"zomato_3948","yellow_5540","1.0"
"zomato_2748","yellow_5717","0.9833333333333334"
"zomato_1852","yellow_23880","0.8514285714285714"
"zomato_2615","yellow_3079","0.88"
"zomato_3065","yellow_5827","1.0"
"zomato_1985","yellow_24107","0.719111111111111"
"zomato_3150","yellow_3840","0.7028571428571428"
"zomato_1417","yellow_7890","1.0"
"zomato_6842","yellow_2920","0.7152941176470589"
"zomato_4045","yellow_4673","1.0"
"zomato_843","yellow_8606","1.0"
"zomato_2084","yellow_25144","0.8769230769230769"
"zomato_758","yellow_8939","0.8"
"zomato_4263","yellow_4532","0.8434782608695652"
"zomato_3729","yellow_3574","0.9454545454545454"
"zomato_4130","yellow_3521","0.7461538461538462"
"zomato_3812","yellow_4072","0.8"
"zomato_2967","yellow_3596","0.7548387096774194"
"zomato_2834","yellow_3829","0.9142857142857144"
"zomato_1720","yellow_23963","0.8064935064935066"
"zomato_3064","yellow_3383","1.0"
"zomato_1190","yellow_6012","0.9333333333333333"
"zomato_1502","yellow_24627","1.0"
"zomato_3282","yellow_3183","0.9111111111111111"
"zomato_2616","yellow_3325","0.8736842105263158"
"zomato_1986","yellow_25158","0.7384615384615385"
"zomato_1853","yellow_24517","1.0"
"zomato_7160","yellow_1950","1.0"
"zomato_6758","yellow_1314","1.0"
"zomato_7075","yellow_783","1.0"
"zomato_6710","yellow_2535","1.0"
"zomato_1636","yellow_24177","1.0"
"zomato_1769","yellow_25515","0.79"
"zomato_2833","yellow_3892","0.7878260869565217"
"zomato_4177","yellow_4429","0.73"
"zomato_2700","yellow_3477","0.74"
"zomato_626","yellow_8570","1.0"
"zomato_7605","yellow_2569","1.0"
"zomato_2085","yellow_25017","1.0"
"zomato_977","yellow_7827","1.0"
"zomato_3811","yellow_3584","1.0"
"zomato_2746","yellow_5052","1.0"
"zomato_1898","yellow_26067","0.8"
"zomato_1765","yellow_26270","1.0"
"zomato_7294","yellow_2515","1.0"
"zomato_3063","yellow_5135","1.0"
"zomato_6408","yellow_101","1.0"
"zomato_312","yellow_7490","1.0"
"zomato_6977","yellow_1099","1.0"
"zomato_663","yellow_7766","1.0"
"zomato_1899","yellow_26258","1.0"
"zomato_881","yellow_8182","0.9578947368421052"
"zomato_3945","yellow_4475","1.0"
"zomato_4043","yellow_3379","0.7391304347826086"
"zomato_2963","yellow_5445","1.0"
"zomato_2082","yellow_24340","1.0"
"zomato_4176","yellow_4565","1.0"
"zomato_578","yellow_6200","0.92"
"zomato_4261","yellow_5852","1.0"
"zomato_3810","yellow_3554","1.0"
"zomato_1633","yellow_24811","1.0"
"zomato_1851","yellow_23462","0.7517241379310345"
"zomato_7162","yellow_816","0.8758620689655172"
"zomato_3062","yellow_4735","0.8400000000000001"
"zomato_6627","yellow_2639","0.775"
"zomato_6845","yellow_2602","0.8"
"zomato_6712","yellow_401","0.7156862745098038"
"zomato_1416","yellow_8516","1.0"
"zomato_6930","yellow_2136","0.8962962962962963"
"zomato_2083","yellow_25490","0.8461538461538461"
"zomato_2964","yellow_5807","0.7857142857142857"
"zomato_3859","yellow_5766","1.0"
"zomato_4260","yellow_5117","0.7"
"zomato_228","yellow_8490","0.832258064516129"
"zomato_4042","yellow_3432","1.0"
"zomato_5866","yellow_1588","1.0"
"zomato_44","yellow_7221","0.7"
"zomato_2080","yellow_25207","1.0"
"zomato_1896","yellow_24143","1.0"
"zomato_1678","yellow_23485","1.0"
"zomato_1763","yellow_25983","1.0"
"zomato_2308","yellow_25172","0.9111111111111111"
"zomato_1630","yellow_25790","0.8137931034482759"
"zomato_794","yellow_8783","0.7883289124668436"
"zomato_6846","yellow_1218","1.0"
"zomato_1328","yellow_6153","1.0"
"zomato_3507","yellow_5758","0.9454545454545454"
"zomato_2743","yellow_3047","0.7130434782608696"
"zomato_358","yellow_8452","0.8588235294117647"
"zomato_4041","yellow_5711","1.0"
"zomato_4174","yellow_3854","0.9727272727272728"
"zomato_6183","yellow_135","0.9368421052631579"
"zomato_5952","yellow_1958","0.76"
"zomato_2878","yellow_5857","1.0"
"zomato_3060","yellow_4810","1.0"
"zomato_3193","yellow_3504","1.0"
"zomato_1982","yellow_25327","1.0"
"zomato_311","yellow_6643","1.0"
"zomato_444","yellow_6725","0.7230769230769231"
"zomato_6932","yellow_1730","1.0"
"zomato_1547","yellow_23545","0.9157894736842105"
"zomato_2877","yellow_4856","0.7130434782608696"
"zomato_4088","yellow_3469","1.0"
"zomato_4173","yellow_4065","1.0"
"zomato_6051","yellow_25","1.0"
"zomato_577","yellow_7170","0.9142857142857144"
"zomato_4040","yellow_3924","0.8608695652173912"
"zomato_2306","yellow_26044","1.0"
"zomato_1543","yellow_25132","0.8933333333333333"
"zomato_1676","yellow_24128","0.9714285714285714"
"zomato_3192","yellow_3606","0.8114285714285714"
"zomato_6848","yellow_2483","0.8125"
"zomato_752","yellow_8896","1.0"
"zomato_6800","yellow_1876","0.7344537815126051"
"zomato_2305","yellow_25463","0.9076923076923077"
"zomato_1459","yellow_26045","1.0"
"zomato_449","yellow_8798","1.0"
"zomato_885","yellow_8914","0.744"
"zomato_2741","yellow_4972","0.75"
"zomato_667","yellow_8747","0.8105263157894738"
"zomato_4172","yellow_5605","0.9157894736842105"
"zomato_6186","yellow_2100","1.0"
"zomato_3503","yellow_4896","1.0"
"zomato_3636","yellow_4982","0.7505747126436781"
"zomato_3987","yellow_5336","1.0"
"zomato_1677","yellow_23516","1.0"
"zomato_2658","yellow_5557","0.8"
"zomato_1544","yellow_26094","0.9333333333333333"
"zomato_1980","yellow_24559","0.7461538461538462"
"zomato_1762","yellow_26236","1.0"
"zomato_620","yellow_8203","0.782608695652174"
"zomato_3191","yellow_3010","1.0"
"zomato_7384","yellow_626","1.0"
"zomato_1327","yellow_6744","1.0"
"zomato_2657","yellow_4125","1.0"
"zomato_2742","yellow_5366","1.0"
"zomato_402","yellow_6678","1.0"
"zomato_753","yellow_6477","1.0"
"zomato_535","yellow_8065","1.0"
"zomato_6187","yellow_1065","1.0"
"zomato_1105","yellow_8243","1.0"
"zomato_3502","yellow_3481","1.0"
"zomato_1589","yellow_25618","0.9757575757575758"
"zomato_1674","yellow_25121","0.8666666666666667"
"zomato_7470","yellow_560","1.0"
"zomato_750","yellow_7975","1.0"
"zomato_3190","yellow_4475","0.8222222222222222"
"zomato_2436","yellow_5778","1.0"
"zomato_7034","yellow_2583","1.0"
"zomato_1239","yellow_6772","1.0"
"zomato_3769","yellow_5686","1.0"
"zomato_314","yellow_8955","1.0"
"zomato_3985","yellow_5110","0.7085714285714286"
"zomato_3501","yellow_3720","1.0"
"zomato_3634","yellow_5119","1.0"
"zomato_3767","yellow_3767","0.808695652173913"
"zomato_1106","yellow_7089","1.0"
"zomato_2438","yellow_4918","1.0"
"zomato_1675","yellow_25989","0.9625"
"zomato_1760","yellow_25386","1.0"
"zomato_6803","yellow_631","0.7450000000000001"
"zomato_751","yellow_8432","1.0"
"zomato_2522","yellow_4674","1.0"
"zomato_2655","yellow_4674","0.7090909090909091"
"zomato_2304","yellow_24747","1.0"
"zomato_2740","yellow_3204","0.7555555555555555"
"zomato_799","yellow_7865","1.0"
"zomato_4084","yellow_3220","0.7666666666666666"
"zomato_6044","yellow_992","0.9625"
"zomato_3863","yellow_4507","1.0"
"zomato_5945","yellow_492","0.7323529411764705"
"zomato_3996","yellow_5738","1.0"
"zomato_6177","yellow_1941","0.76"
"zomato_3427","yellow_3729","1.0"
"zomato_3778","yellow_5324","1.0"
"zomato_1466","yellow_25666","1.0"
"zomato_1599","yellow_25928","1.0"
"zomato_1333","yellow_7707","0.9652173913043478"
"zomato_6708","yellow_1069","0.7635294117647058"
"zomato_1551","yellow_24981","0.7666666666666667"
"zomato_7157","yellow_249","1.0"
"zomato_2579","yellow_5069","0.9407407407407408"
"zomato_6396","yellow_1136","0.7009287925696595"
"zomato_5813","yellow_346","1.0"
"zomato_5946","yellow_519","1.0"
"zomato_6263","yellow_177","1.0"
"zomato_6178","yellow_353","0.74"
"zomato_3559","yellow_5404","0.9368421052631579"
"zomato_1116","yellow_7377","1.0"
"zomato_1467","yellow_23927","0.7142857142857143"
"zomato_1334","yellow_7505","1.0"
"zomato_1552","yellow_24360","0.7109090909090909"
"zomato_6709","yellow_2186","1.0"
"zomato_1685","yellow_25811","1.0"
"zomato_7243","yellow_2330","0.8285714285714285"
"zomato_232","yellow_6268","1.0"
"zomato_2314","yellow_24660","0.7928571428571428"
"zomato_7376","yellow_1054","0.95"
"zomato_2447","yellow_5504","1.0"
"zomato_5947","yellow_194","0.7254901960784313"
"zomato_2883","yellow_5018","1.0"
"zomato_3643","yellow_4991","1.0"
"zomato_4093","yellow_3589","0.7130434782608696"
"zomato_3994","yellow_3531","0.9272727272727272"
"zomato_6264","yellow_2489","0.8833333333333333"
"zomato_3207","yellow_3581","1.0"
"zomato_3776","yellow_3352","0.8"
"zomato_1028","yellow_6303","0.7357142857142858"
"zomato_1379","yellow_7239","1.0"
"zomato_1597","yellow_24946","0.788235294117647"
"zomato_1682","yellow_26105","0.8608695652173912"
"zomato_2311","yellow_25707","0.875"
"zomato_277","yellow_6118","1.0"
"zomato_2226","yellow_25094","1.0"
"zomato_7159","yellow_2027","1.0"
"zomato_580","yellow_8911","0.9066666666666666"
"zomato_2008","yellow_24807","1.0"
"zomato_495","yellow_8337","0.7666666666666667"
"zomato_2359","yellow_5398","0.776"
"zomato_5948","yellow_2805","1.0"
"zomato_3993","yellow_3850","1.0"
"zomato_3860","yellow_5463","0.9157894736842105"
"zomato_5900","yellow_100","1.0"
"zomato_6398","yellow_1015","1.0"
"zomato_1598","yellow_25370","0.8769230769230769"
"zomato_85","yellow_8124","1.0"
"zomato_1465","yellow_24593","0.9703703703703703"
"zomato_6929","yellow_2895","0.86"
"zomato_1332","yellow_8080","1.0"
"zomato_1550","yellow_24313","0.876"
"zomato_1683","yellow_26396","0.9272727272727272"
"zomato_2530","yellow_4770","0.8"
"zomato_2312","yellow_25052","0.975"
"zomato_145","yellow_6633","0.8341197822141562"
"zomato_230","yellow_7755","0.728813559322034"
"zomato_363","yellow_6241","1.0"
"zomato_2227","yellow_25630","1.0"
"zomato_1244","yellow_6683","1.0"
"zomato_3689","yellow_3777","0.76"
"zomato_1159","yellow_7028","1.0"
"zomato_86","yellow_8020","0.7090909090909091"
"zomato_4319","yellow_4415","1.0"
"zomato_1595","yellow_26121","1.0"
"zomato_320","yellow_8747","0.8105263157894738"
"zomato_2224","yellow_25079","1.0"
"zomato_4318","yellow_3172","1.0"
"zomato_7682","yellow_586","1.0"
"zomato_7464","yellow_258","0.7060728744939271"
"zomato_2006","yellow_24017","1.0"
"zomato_671","yellow_7577","0.7328671328671329"
"zomato_7028","yellow_2008","0.7647058823529411"
"zomato_1908","yellow_25904","1.0"
"zomato_1112","yellow_7150","0.8"
"zomato_4090","yellow_5965","0.7219298245614034"
"zomato_5902","yellow_490","1.0"
"zomato_87","yellow_8321","0.9636363636363636"
"zomato_3337","yellow_4865","1.0"
"zomato_1378","yellow_6088","0.7111111111111111"
"zomato_1463","yellow_24847","1.0"
"zomato_2310","yellow_24232","0.7"
"zomato_587","yellow_8401","1.0"
"zomato_2358","yellow_4368","0.896774193548387"
"zomato_7247","yellow_924","1.0"
"zomato_3203","yellow_3675","1.0"
"zomato_1242","yellow_6125","0.7333333333333334"
"zomato_1593","yellow_26245","1.0"
"zomato_3772","yellow_2972","0.976"
"zomato_3687","yellow_5922","0.8"
"zomato_3118","yellow_5977","0.7028132992327365"
"zomato_6571","yellow_2225","0.7"
"zomato_88","yellow_6510","0.7692307692307693"
"zomato_6353","yellow_2391","0.7495798319327732"
"zomato_3469","yellow_4994","1.0"
"zomato_3336","yellow_3841","1.0"
"zomato_40","yellow_8614","1.0"
"zomato_3990","yellow_4133","0.9066666666666666"
"zomato_2573","yellow_3209","0.7250000000000001"
"zomato_584","yellow_7665","1.0"
"zomato_2004","yellow_24228","1.0"
"zomato_1906","yellow_23554","0.8971428571428571"
"zomato_2355","yellow_3100","1.0"
"zomato_7115","yellow_2351","0.98"
"zomato_7599","yellow_1585","0.825"
"zomato_451","yellow_7791","0.8048780487804879"
"zomato_7200","yellow_1605","1.0"
"zomato_7248","yellow_83","1.0"
"zomato_3335","yellow_4298","1.0"
"zomato_1461","yellow_24837","0.8222222222222222"
"zomato_1110","yellow_8695","1.0"
"zomato_3686","yellow_4189","1.0"
"zomato_1025","yellow_8610","1.0"
"zomato_3468","yellow_4886","0.7052631578947368"
"zomato_89","yellow_8364","0.8264705882352941"
"zomato_41","yellow_8747","1.0"
"zomato_3771","yellow_5773","0.896774193548387"
"zomato_2792","yellow_3894","0.9111111111111111"
"zomato_452","yellow_7220","0.9076923076923077"
"zomato_2356","yellow_2974","0.968"
"zomato_101","yellow_6729","1.0"
"zomato_7334","yellow_792","0.9428571428571428"
"zomato_670","yellow_8076","1.0"
"zomato_7201","yellow_1339","0.7857142857142857"
"zomato_7552","yellow_1240","1.0"
"zomato_2005","yellow_23541","0.8933333333333333"
"zomato_1907","yellow_25741","0.925"
"zomato_6790","yellow_1967","1.0"
"zomato_5905","yellow_1556","0.8857142857142857"
"zomato_3334","yellow_4760","0.7677419354838709"
"zomato_3552","yellow_3791","1.0"
"zomato_3770","yellow_5949","0.968"
"zomato_7420","yellow_1940","0.9090909090909091"
"zomato_7686","yellow_2410","1.0"
"zomato_6791","yellow_1750","0.7558823529411764"
"zomato_1819","yellow_25008","0.8180000000000001"
"zomato_2220","yellow_24500","1.0"
"zomato_2571","yellow_5223","1.0"
"zomato_801","yellow_8841","1.0"
"zomato_1592","yellow_24361","0.8434782608695652"
"zomato_6356","yellow_746","1.0"
"zomato_6223","yellow_844","0.86"
"zomato_490","yellow_8173","1.0"
"zomato_6138","yellow_2303","1.0"
"zomato_3551","yellow_3463","1.0"
"zomato_2354","yellow_4345","1.0"
"zomato_2136","yellow_25786","0.7705882352941177"
"zomato_2487","yellow_4723","0.75"
"zomato_1905","yellow_24779","0.9333333333333333"
"zomato_7203","yellow_1039","0.8666666666666667"
"zomato_2269","yellow_26323","1.0"
"zomato_187","yellow_7819","1.0"
"zomato_5907","yellow_53","0.8666666666666667"
"zomato_935","yellow_6776","0.808695652173913"
"zomato_3114","yellow_4355","1.0"
"zomato_3550","yellow_5246","1.0"
"zomato_3683","yellow_5943","0.7652173913043478"
"zomato_1020","yellow_6245","1.0"
"zomato_4227","yellow_4625","1.0"
"zomato_2048","yellow_24738","0.7066666666666667"
"zomato_2399","yellow_3601","0.7111111111111111"
"zomato_4312","yellow_5401","1.0"
"zomato_7555","yellow_1452","1.0"
"zomato_932","yellow_6091","0.8200000000000001"
"zomato_6793","yellow_2","0.94"
"zomato_2000","yellow_24162","0.9555555555555555"
"zomato_847","yellow_6482","1.0"
"zomato_2351","yellow_5790","1.0"
"zomato_2484","yellow_5485","1.0"
"zomato_1372","yellow_6066","0.8400000000000001"
"zomato_1590","yellow_26037","1.0"
"zomato_3597","yellow_3929","1.0"
"zomato_270","yellow_6158","1.0"
"zomato_6358","yellow_2269","0.72"
"zomato_1818","yellow_24198","0.8666666666666667"
"zomato_2267","yellow_26339","0.9833333333333334"
"zomato_2134","yellow_24200","0.76"
"zomato_7641","yellow_564","1.0"
"zomato_185","yellow_7674","1.0"
"zomato_7689","yellow_811","1.0"
"zomato_7556","yellow_1994","1.0"
"zomato_5909","yellow_1713","1.0"
"zomato_2570","yellow_4831","0.8"
"zomato_1284","yellow_7154","1.0"
"zomato_939","yellow_7971","1.0"
"zomato_3596","yellow_5868","0.75"
"zomato_6008","yellow_2054","1.0"
"zomato_3909","yellow_4835","1.0"
"zomato_2397","yellow_5254","1.0"
"zomato_1815","yellow_25667","1.0"
"zomato_2046","yellow_24667","0.7037037037037037"
"zomato_4225","yellow_5972","1.0"
"zomato_7206","yellow_2266","1.0"
"zomato_2131","yellow_24790","0.7763440860215054"
"zomato_1067","yellow_6603","1.0"
"zomato_1370","yellow_7553","0.7538461538461538"
"zomato_6312","yellow_100","0.7066666666666667"
"zomato_3026","yellow_4981","0.7435294117647059"
"zomato_3159","yellow_4199","0.8956521739130434"
"zomato_6578","yellow_2657","1.0"
"zomato_3462","yellow_4294","0.7857142857142857"
"zomato_7510","yellow_1329","1.0"
"zomato_2483","yellow_3337","0.976"
"zomato_3908","yellow_3734","0.9111111111111111"
"zomato_2708","yellow_5612","1.0"
"zomato_1282","yellow_7858","1.0"
"zomato_3025","yellow_4373","1.0"
"zomato_719","yellow_8573","1.0"
"zomato_3158","yellow_3491","1.0"
"zomato_6313","yellow_2605","0.7966666666666666"
"zomato_6446","yellow_360","1.0"
"zomato_6579","yellow_377","1.0"
"zomato_3594","yellow_3345","0.8672768878718535"
"zomato_3461","yellow_3996","1.0"
"zomato_1197","yellow_8214","1.0"
"zomato_1728","yellow_24915","1.0"
"zomato_2177","yellow_24566","0.9448275862068966"
"zomato_4005","yellow_4479","1.0"
"zomato_140","yellow_8025","1.0"
"zomato_7426","yellow_2867","0.9"
"zomato_2262","yellow_24655","1.0"
"zomato_936","yellow_6672","1.0"
"zomato_7208","yellow_2350","0.7130434782608696"
"zomato_1283","yellow_7585","1.0"
"zomato_3157","yellow_3281","1.0"
"zomato_6314","yellow_890","0.75"
"zomato_1947","yellow_25792","0.8758620689655172"
"zomato_1729","yellow_24907","0.79"
"zomato_492","yellow_7499","1.0"
"zomato_4004","yellow_4621","1.0"
"zomato_7645","yellow_729","0.7731092436974789"
"zomato_6883","yellow_1722","0.8"
"zomato_7512","yellow_1823","0.76"
"zomato_4222","yellow_4060","0.9333333333333333"
"zomato_2396","yellow_4039","1.0"
"zomato_38","yellow_6213","1.0"
"zomato_6327","yellow_409","1.0"
"zomato_3386","yellow_5315","1.0"
"zomato_1738","yellow_25404","0.7218181818181818"
"zomato_1605","yellow_24561","0.8956521739130434"
"zomato_6678","yellow_1569","0.7310344827586207"
"zomato_4100","yellow_5421","1.0"
"zomato_7658","yellow_212","0.84"
"zomato_6981","yellow_2124","0.7018181818181819"
"zomato_2272","yellow_26072","0.8941176470588235"
"zomato_2187","yellow_23868","0.7517241379310345"
"zomato_7307","yellow_136","0.96"
"zomato_2719","yellow_4659","0.8400000000000001"
"zomato_39","yellow_8828","0.968421052631579"
"zomato_2804","yellow_5082","0.808695652173913"
"zomato_6413","yellow_344","1.0"
"zomato_6328","yellow_116","1.0"
"zomato_6679","yellow_315","1.0"
"zomato_1824","yellow_25419","0.8434782608695652"
"zomato_6897","yellow_967","1.0"
"zomato_987","yellow_8836","1.0"
"zomato_7526","yellow_2915","0.7098901098901099"
"zomato_2491","yellow_5731","0.85"
"zomato_418","yellow_8795","1.0"
"zomato_2055","yellow_23562","0.9724137931034482"
"zomato_721","yellow_6602","1.0"
"zomato_7659","yellow_771","1.0"
"zomato_503","yellow_7391","1.0"
"zomato_2716","yellow_4098","1.0"
"zomato_1953","yellow_23907","0.976"
"zomato_1072","yellow_6942","1.0"
"zomato_1820","yellow_25877","0.9454545454545454"
"zomato_4146","yellow_5616","0.7122529644268775"
"zomato_1869","yellow_25536","0.975"
"zomato_1603","yellow_24536","0.9400000000000001"
"zomato_1736","yellow_26237","0.7000000000000001"
"zomato_7612","yellow_1067","0.94"
"zomato_4231","yellow_5446","0.73"
"zomato_899","yellow_7502","1.0"
"zomato_6850","yellow_903","0.9368421052631579"
"zomato_6983","yellow_524","1.0"
"zomato_984","yellow_7536","0.8048780487804879"
"zomato_633","yellow_6029","1.0"
"zomato_2052","yellow_26328","0.8846153846153846"
"zomato_766","yellow_6431","1.0"
"zomato_1821","yellow_25916","1.0"
"zomato_1073","yellow_8426","1.0"
"zomato_3383","yellow_5202","1.0"
"zomato_1519","yellow_23650","0.8787878787878788"
"zomato_4278","yellow_5327","1.0"
"zomato_1822","yellow_25728","1.0"
"zomato_1737","yellow_25606","1.0"
"zomato_549","yellow_8212","0.8799999999999999"
"zomato_4012","yellow_4399","0.9428571428571428"
"zomato_4230","yellow_3191","0.8260869565217391"
"zomato_4145","yellow_4760","1.0"
"zomato_852","yellow_7429","1.0"
"zomato_501","yellow_8118","1.0"
"zomato_2186","yellow_26043","0.84"
"zomato_2053","yellow_24071","1.0"
"zomato_2847","yellow_5386","0.9130434782608696"
"zomato_2714","yellow_5185","0.9483870967741935"
"zomato_3382","yellow_4006","1.0"
"zomato_6501","yellow_2424","0.9166666666666666"
"zomato_1733","yellow_26383","0.856"
"zomato_2629","yellow_5877","0.9030303030303031"
"zomato_1516","yellow_25581","0.9333333333333333"
"zomato_1867","yellow_25981","0.7"
"zomato_6634","yellow_2722","0.8571428571428571"
"zomato_1734","yellow_25757","0.7"
"zomato_6852","yellow_1676","1.0"
"zomato_2931","yellow_5267","1.0"
"zomato_2183","yellow_23863","1.0"
"zomato_3913","yellow_5391","1.0"
"zomato_639","yellow_6126","1.0"
"zomato_506","yellow_8880","1.0"
"zomato_857","yellow_6407","1.0"
"zomato_508","yellow_5990","1.0"
"zomato_6986","yellow_2568","1.0"
"zomato_1735","yellow_26287","1.0"
"zomato_195","yellow_8874","1.0"
"zomato_4058","yellow_3413","0.75"
"zomato_2051","yellow_25268","0.9741935483870968"
"zomato_4010","yellow_3182","1.0"
"zomato_507","yellow_6404","0.7266666666666667"
"zomato_2099","yellow_25054","0.8742857142857143"
"zomato_858","yellow_7968","0.7461538461538462"
"zomato_5789","yellow_2483","0.7129411764705882"
"zomato_2845","yellow_3001","1.0"
"zomato_1513","yellow_25814","0.8769230769230769"
"zomato_6503","yellow_186","0.7647058823529411"
"zomato_1864","yellow_24006","1.0"
"zomato_1997","yellow_23506","0.8518518518518519"
"zomato_6418","yellow_2928","0.8235294117647058"
"zomato_1998","yellow_23812","0.9555555555555555"
"zomato_6854","yellow_1018","0.904"
"zomato_6987","yellow_435","1.0"
"zomato_6721","yellow_2461","0.7839285714285714"
"zomato_1647","yellow_23957","1.0"
"zomato_2844","yellow_4790","0.95"
"zomato_504","yellow_6091","1.0"
"zomato_419","yellow_7676","0.741304347826087"
"zomato_3826","yellow_5357","1.0"
"zomato_3959","yellow_4266","0.7652173913043478"
"zomato_2181","yellow_23677","0.8764705882352941"
"zomato_6191","yellow_735","0.9789473684210527"
"zomato_2979","yellow_3018","0.9272727272727272"
"zomato_1950","yellow_23854","0.9714285714285714"
"zomato_3161","yellow_3700","1.0"
"zomato_6419","yellow_2889","0.9294117647058824"
"zomato_6637","yellow_2174","1.0"
"zomato_6722","yellow_1524","1.0"
"zomato_1999","yellow_24193","0.9272727272727272"
"zomato_1515","yellow_25438","1.0"
"zomato_2182","yellow_25091","1.0"
"zomato_4056","yellow_4127","1.0"
"zomato_3607","yellow_5412","1.0"
"zomato_4274","yellow_3163","0.7473684210526317"
"zomato_3958","yellow_3660","0.8258064516129033"
"zomato_941","yellow_7688","1.0"
"zomato_638","yellow_6396","0.9652173913043478"
"zomato_4141","yellow_4714","0.7157894736842105"
"zomato_723","yellow_8217","0.8909090909090909"
"zomato_7619","yellow_276","1.0"
"zomato_2758","yellow_5958","1.0"
"zomato_78","yellow_6727","0.9777777777777777"
"zomato_1644","yellow_25425","0.8666666666666667"
"zomato_1995","yellow_25547","1.0"
"zomato_1511","yellow_24145","0.98"
"zomato_30","yellow_8049","0.9"
"zomato_3160","yellow_3253","1.0"
"zomato_760","yellow_7472","1.0"
"zomato_542","yellow_8018","1.0"
"zomato_6989","yellow_2810","0.85"
"zomato_6723","yellow_86","1.0"
"zomato_1778","yellow_24918","0.9724137931034482"
"zomato_893","yellow_6415","1.0"
"zomato_2094","yellow_25286","1.0"
"zomato_3824","yellow_4230","1.0"
"zomato_2842","yellow_5708","1.0"
"zomato_4055","yellow_3586","0.7130434782608696"
"zomato_4140","yellow_4898","1.0"
"zomato_239","yellow_8323","1.0"
"zomato_4273","yellow_5133","1.0"
"zomato_7618","yellow_2600","1.0"
"zomato_6193","yellow_338","0.85"
"zomato_5962","yellow_2767","0.94"
"zomato_1730","yellow_26190","0.7"
"zomato_3074","yellow_4137","0.96"
"zomato_6942","yellow_2053","0.98"
"zomato_1779","yellow_24633","1.0"
"zomato_894","yellow_7687","1.0"
"zomato_1646","yellow_24069","0.9076923076923077"
"zomato_7089","yellow_1036","1.0"
"zomato_2095","yellow_25696","0.975"
"zomato_676","yellow_7564","1.0"
"zomato_6195","yellow_2504","0.88"
"zomato_5878","yellow_495","0.7621621621621621"
"zomato_5830","yellow_1606","0.94"
"zomato_3603","yellow_3964","1.0"
"zomato_32","yellow_8310","1.0"
"zomato_5963","yellow_539","0.7966666666666666"
"zomato_2889","yellow_5040","0.7090909090909091"
"zomato_2538","yellow_5176","0.9652173913043478"
"zomato_3073","yellow_4004","1.0"
"zomato_1860","yellow_24638","1.0"
"zomato_322","yellow_8770","1.0"
"zomato_6858","yellow_1034","0.7473684210526316"
"zomato_540","yellow_8319","0.7362637362637362"
"zomato_673","yellow_7794","1.0"
"zomato_7175","yellow_2634","1.0"
"zomato_6810","yellow_868","1.0"
"zomato_1558","yellow_23487","0.7063703703703704"
"zomato_2888","yellow_5152","0.9724137931034482"
"zomato_2092","yellow_23587","0.85"
"zomato_588","yellow_8295","0.9619047619047619"
"zomato_4053","yellow_4821","1.0"
"zomato_3602","yellow_5355","1.0"
"zomato_3820","yellow_4811","1.0"
"zomato_1994","yellow_26249","0.7231884057971014"
"zomato_1425","yellow_8384","0.9172413793103449"
"zomato_6726","yellow_2565","0.71984126984127"
"zomato_6859","yellow_2573","0.7058823529411765"
"zomato_674","yellow_7594","1.0"
"zomato_6944","yellow_1233","1.0"
"zomato_1559","yellow_24985","1.0"
"zomato_3736","yellow_3470","0.86"
"zomato_2093","yellow_24681","1.0"
"zomato_4052","yellow_3438","0.88"
"zomato_589","yellow_6353","0.7060728744939271"
"zomato_4270","yellow_3019","0.92"
"zomato_4185","yellow_3045","1.0"
"zomato_6281","yellow_583","1.0"
"zomato_105","yellow_6836","0.8400000000000001"
"zomato_6064","yellow_1927","0.8666666666666667"
"zomato_3734","yellow_3402","1.0"
"zomato_1688","yellow_25233","0.8666666666666667"
"zomato_1640","yellow_25276","0.9692307692307692"
"zomato_1991","yellow_25218","1.0"
"zomato_1773","yellow_24358","1.0"
"zomato_6728","yellow_2948","0.94"
"zomato_6727","yellow_1055","1.0"
"zomato_2402","yellow_3673","1.0"
"zomato_2753","yellow_5178","0.7108695652173913"
"zomato_413","yellow_7399","0.8726436781609197"
"zomato_4184","yellow_3753","1.0"
"zomato_6283","yellow_2855","0.9578947368421052"
"zomato_2091","yellow_24841","1.0"
"zomato_3600","yellow_5251","1.0"
"zomato_1556","yellow_23478","1.0"
"zomato_1774","yellow_24295","0.7212121212121212"
"zomato_1423","yellow_8910","1.0"
"zomato_7130","yellow_2208","1.0"
"zomato_1339","yellow_8337","0.788235294117647"
"zomato_898","yellow_8234","1.0"
"zomato_3649","yellow_5517","0.9333333333333333"
"zomato_765","yellow_7930","1.0"
"zomato_547","yellow_8531","0.7176470588235294"
"zomato_6066","yellow_2894","0.8043956043956044"
"zomato_36","yellow_8786","0.8363636363636364"
"zomato_3950","yellow_4680","0.7130434782608696"
"zomato_3647","yellow_5471","1.0"
"zomato_3998","yellow_3077","0.7043478260869566"
"zomato_2449","yellow_3083","0.9666666666666667"
"zomato_1468","yellow_24364","1.0"
"zomato_1686","yellow_24185","0.728"
"zomato_1771","yellow_24054","1.0"
"zomato_6948","yellow_733","0.7764705882352941"
"zomato_7264","yellow_2358","0.7066666666666667"
"zomato_7131","yellow_1502","1.0"
"zomato_2400","yellow_3493","0.968421052631579"
"zomato_411","yellow_8496","1.0"
"zomato_7482","yellow_668","0.7186602870813397"
"zomato_2533","yellow_4384","1.0"
"zomato_895","yellow_6667","1.0"
"zomato_7179","yellow_446","0.7272727272727273"
"zomato_2448","yellow_5696","1.0"
"zomato_2799","yellow_4986","1.0"
"zomato_3648","yellow_4012","1.0"
"zomato_544","yellow_6227","0.9157894736842105"
"zomato_459","yellow_7097","1.0"
"zomato_3513","yellow_3175","1.0"
"zomato_5920","yellow_2920","0.94"
"zomato_1469","yellow_26297","1.0"
"zomato_1554","yellow_25961","1.0"
"zomato_1687","yellow_24697","0.8571428571428571"
"zomato_6816","yellow_134","0.9047619047619048"
"zomato_6949","yellow_631","1.0"
"zomato_7047","yellow_2409","1.0"
"zomato_763","yellow_7410","0.925"
"zomato_7350","yellow_158","1.0"
"zomato_1119","yellow_6423","0.8095238095238095"
"zomato_2752","yellow_3643","0.96"
"zomato_907","yellow_8514","1.0"
"zomato_4192","yellow_3550","0.7833333333333333"
"zomato_5957","yellow_283","0.94"
"zomato_3306","yellow_3416","0.8035087719298246"
"zomato_3875","yellow_5603","0.7250000000000001"
"zomato_1563","yellow_23827","0.7841269841269841"
"zomato_1696","yellow_24685","1.0"
"zomato_6805","yellow_2368","0.9333333333333333"
"zomato_158","yellow_8038","1.0"
"zomato_2543","yellow_3224","0.8"
"zomato_3307","yellow_3958","1.0"
"zomato_5958","yellow_2528","0.7095238095238097"
"zomato_4191","yellow_3802","1.0"
"zomato_6493","yellow_128","0.94"
"zomato_6360","yellow_774","0.95"
"zomato_3874","yellow_5282","0.8526315789473684"
"zomato_3305","yellow_3034","1.0"
"zomato_1782","yellow_25937","0.8461538461538461"
"zomato_6939","yellow_813","0.9166666666666666"
"zomato_1564","yellow_24616","1.0"
"zomato_1431","yellow_6421","0.9172413793103449"
"zomato_6806","yellow_2828","0.7174603174603175"
"zomato_595","yellow_7789","0.98"
"zomato_7340","yellow_1160","1.0"
"zomato_244","yellow_8369","1.0"
"zomato_2326","yellow_3477","1.0"
"zomato_1129","yellow_6175","1.0"
"zomato_2895","yellow_5447","0.9313725490196079"
"zomato_5826","yellow_2394","1.0"
"zomato_3740","yellow_3226","0.7"
"zomato_6361","yellow_800","1.0"
"zomato_6143","yellow_1134","1.0"
"zomato_3522","yellow_3220","1.0"
"zomato_905","yellow_7144","1.0"
"zomato_6494","yellow_902","1.0"
"zomato_3788","yellow_4409","1.0"
"zomato_3437","yellow_5632","1.0"
"zomato_1125","yellow_8582","1.0"
"zomato_3655","yellow_4436","1.0"
"zomato_3304","yellow_3104","1.0"
"zomato_72","yellow_8051","0.7120879120879122"
"zomato_1476","yellow_26215","1.0"
"zomato_1561","yellow_24668","1.0"
"zomato_2541","yellow_3266","1.0"
"zomato_7474","yellow_2604","1.0"
"zomato_7038","yellow_1086","0.8482142857142858"
"zomato_7256","yellow_2819","1.0"
"zomato_2238","yellow_25776","0.7092436974789915"
"zomato_2105","yellow_25269","1.0"
"zomato_5827","yellow_609","0.7578947368421053"
"zomato_6580","yellow_465","0.9333333333333333"
"zomato_1780","yellow_26261","1.0"
"zomato_1695","yellow_24888","0.9333333333333333"
"zomato_2542","yellow_4283","1.0"
"zomato_7257","yellow_2348","0.925"
"zomato_2239","yellow_26285","0.874384236453202"
"zomato_7039","yellow_119","0.9578947368421052"
"zomato_2893","yellow_4792","1.0"
"zomato_3302","yellow_4739","0.7"
"zomato_1692","yellow_24333","0.7"
"zomato_1038","yellow_8098","1.0"
"zomato_3568","yellow_3790","1.0"
"zomato_6809","yellow_814","1.0"
"zomato_1389","yellow_6558","1.0"
"zomato_2103","yellow_24483","1.0"
"zomato_598","yellow_6548","1.0"
"zomato_2454","yellow_3379","0.7043478260869566"
"zomato_2587","yellow_3472","1.0"
"zomato_465","yellow_8304","1.0"
"zomato_332","yellow_6352","1.0"
"zomato_7258","yellow_2794","1.0"
"zomato_2236","yellow_25672","1.0"
"zomato_7125","yellow_2427","0.7614035087719299"
"zomato_550","yellow_6330","1.0"
"zomato_7476","yellow_482","0.7473684210526316"
"zomato_5914","yellow_1961","0.851150895140665"
"zomato_1560","yellow_25586","0.8571428571428571"
"zomato_1257","yellow_6183","1.0"
"zomato_6146","yellow_831","0.7454545454545455"
"zomato_3567","yellow_4273","1.0"
"zomato_1039","yellow_6365","1.0"
"zomato_6279","yellow_2775","1.0"
"zomato_3870","yellow_4217","1.0"
"zomato_2540","yellow_5725","0.7"
"zomato_7562","yellow_2454","1.0"
"zomato_4329","yellow_4893","0.7176470588235294"
"zomato_2322","yellow_3800","1.0"
"zomato_7477","yellow_2347","1.0"
"zomato_2104","yellow_25992","1.0"
"zomato_7211","yellow_2517","1.0"
"zomato_3784","yellow_4838","0.7642857142857143"
"zomato_1121","yellow_6783","1.0"
"zomato_3566","yellow_3847","1.0"
"zomato_3651","yellow_4851","1.0"
"zomato_1690","yellow_26298","0.9428571428571428"
"zomato_6147","yellow_239","0.8"
"zomato_76","yellow_8878","1.0"
"zomato_909","yellow_6813","0.8200000000000001"
"zomato_6498","yellow_1787","0.7375"
"zomato_3215","yellow_3878","0.7"
"zomato_1387","yellow_6546","1.0"
"zomato_596","yellow_6599","1.0"
"zomato_2585","yellow_5736","0.9166666666666666"
"zomato_7430","yellow_1098","1.0"
"zomato_378","yellow_6480","0.7250000000000001"
"zomato_2234","yellow_25777","0.8285714285714285"
"zomato_330","yellow_8405","1.0"
"zomato_2016","yellow_23966","0.9647058823529412"
"zomato_2670","yellow_5449","1.0"
"zomato_3565","yellow_5952","0.7342857142857143"
"zomato_1122","yellow_6670","1.0"
"zomato_3783","yellow_5456","1.0"
"zomato_3698","yellow_5928","1.0"
"zomato_3432","yellow_3440","0.7252173913043478"
"zomato_6451","yellow_966","0.925"
"zomato_3347","yellow_5022","1.0"
"zomato_3650","yellow_4478","1.0"
"zomato_1473","yellow_23551","1.0"
"zomato_113","yellow_6164","1.0"
"zomato_2102","yellow_23890","0.9172413793103448"
"zomato_464","yellow_6504","1.0"
"zomato_2235","yellow_24023","0.8709677419354839"
"zomato_2368","yellow_3065","1.0"
"zomato_7213","yellow_1759","0.9142857142857144"
"zomato_2671","yellow_4857","1.0"
"zomato_5917","yellow_1110","1.0"
"zomato_3346","yellow_4681","0.775"
"zomato_3213","yellow_3728","0.8719999999999999"
"zomato_1470","yellow_24784","0.8"
"zomato_6452","yellow_2449","0.7088235294117646"
"zomato_150","yellow_7877","0.85"
"zomato_3782","yellow_5627","1.0"
"zomato_2365","yellow_3271","1.0"
"zomato_2232","yellow_26064","0.8709677419354839"
"zomato_1916","yellow_25331","0.9703703703703703"
"zomato_7565","yellow_227","0.8434782608695652"
"zomato_283","yellow_8438","1.0"
"zomato_7347","yellow_2251","0.76"
"zomato_946","yellow_8652","0.7380952380952381"
"zomato_2450","yellow_4732","1.0"
"zomato_1035","yellow_6230","0.7"
"zomato_3563","yellow_3833","1.0"
"zomato_6017","yellow_1863","0.8666666666666667"
"zomato_1120","yellow_7442","1.0"
"zomato_2233","yellow_25585","0.9379310344827586"
"zomato_2015","yellow_25408","1.0"
"zomato_2100","yellow_24264","1.0"
"zomato_199","yellow_7312","1.0"
"zomato_2499","yellow_3633","0.718608695652174"
"zomato_1917","yellow_26249","0.8454545454545455"
"zomato_151","yellow_6007","1.0"
"zomato_3477","yellow_5307","0.7713554987212276"
"zomato_1383","yellow_8946","1.0"
"zomato_1298","yellow_7331","1.0"
"zomato_2012","yellow_23996","0.8285714285714285"
"zomato_1829","yellow_25403","0.8344827586206897"
"zomato_2278","yellow_24727","0.8518518518518519"
"zomato_7652","yellow_2277","1.0"
"zomato_7434","yellow_1327","0.8411764705882354"
"zomato_7349","yellow_2752","0.8078947368421052"
"zomato_7567","yellow_2293","0.85"
"zomato_2581","yellow_3991","1.0"
"zomato_3258","yellow_4549","0.7236842105263157"
"zomato_1384","yellow_7681","0.9789473684210527"
"zomato_6588","yellow_2643","0.94"
"zomato_282","yellow_7419","1.0"
"zomato_3561","yellow_3726","0.9142857142857144"
"zomato_3694","yellow_5138","1.0"
"zomato_1915","yellow_23918","1.0"
"zomato_2364","yellow_3642","0.9142857142857144"
"zomato_2013","yellow_24209","1.0"
"zomato_197","yellow_8818","0.7"
"zomato_7302","yellow_2308","0.7789473684210526"
"zomato_6673","yellow_683","0.7529411764705882"
"zomato_727","yellow_7560","1.0"
"zomato_6891","yellow_2712","1.0"
"zomato_2807","yellow_3494","0.7571428571428571"
"zomato_818","yellow_8748","0.7904761904761904"
"zomato_3257","yellow_5003","0.7947368421052632"
"zomato_2058","yellow_24682","0.775"
"zomato_1827","yellow_25136","0.8666666666666667"
"zomato_1609","yellow_26073","1.0"
"zomato_4019","yellow_4511","0.7333333333333334"
"zomato_154","yellow_6031","0.968421052631579"
"zomato_1912","yellow_24257","0.935483870967742"
"zomato_6674","yellow_1902","1.0"
"zomato_6892","yellow_1963","1.0"
"zomato_7436","yellow_595","0.7090909090909091"
"zomato_2010","yellow_26126","0.975"
"zomato_2494","yellow_3375","1.0"
"zomato_3389","yellow_4488","1.0"
"zomato_1382","yellow_8765","0.808"
"zomato_904","yellow_6433","1.0"
"zomato_6457","yellow_2959","0.7642857142857142"
"zomato_3474","yellow_5071","0.8105263157894738"
"zomato_1164","yellow_6139","1.0"
"zomato_2277","yellow_24675","0.8666666666666667"
"zomato_1828","yellow_25868","0.8571428571428571"
"zomato_591","yellow_6177","1.0"
"zomato_7522","yellow_941","0.8782608695652174"
"zomato_7437","yellow_2533","1.0"
"zomato_6893","yellow_2602","1.0"
"zomato_903","yellow_6569","1.0"
"zomato_2011","yellow_24563","0.9703703703703703"
"zomato_3037","yellow_5272","0.8300000000000001"
"zomato_370","yellow_6446","1.0"
"zomato_3122","yellow_3598","1.0"
"zomato_3473","yellow_4369","1.0"
"zomato_1076","yellow_8365","1.0"
"zomato_2056","yellow_25390","0.8571428571428571"
"zomato_1825","yellow_25845","1.0"
"zomato_6894","yellow_1677","0.792156862745098"
"zomato_7656","yellow_1580","1.0"
"zomato_815","yellow_6452","0.8188235294117647"
"zomato_3919","yellow_4354","0.7"
"zomato_2141","yellow_26237","0.8608695652173912"
"zomato_2274","yellow_25071","0.9571428571428572"
"zomato_1077","yellow_6345","0.8117647058823529"
"zomato_817","yellow_8682","0.8285714285714285"
"zomato_1380","yellow_8651","0.7705263157894737"
"zomato_6459","yellow_1776","0.7428571428571429"
"zomato_6326","yellow_896","0.7689473684210527"
"zomato_1162","yellow_7602","0.72"
"zomato_1608","yellow_26382","0.8823529411764706"
"zomato_1959","yellow_23782","0.7290322580645161"
"zomato_4016","yellow_4711","1.0"
"zomato_6762","yellow_2064","1.0"
"zomato_7524","yellow_2823","1.0"
"zomato_2142","yellow_26100","1.0"
"zomato_2493","yellow_3445","1.0"
"zomato_2360","yellow_3710","1.0"
